Movie ID,Animation,Drama,Biography,War,Documentary,News,Average Rating,actors
tt0137204,yes,no,no,no,no,no,8,Anthony Harrison
tt0464054,no,no,no,no,no,no,7,Jim Vines
tt0481499,yes,no,no,no,no,no,7,"Clark Duke, Dominique Louis, Chris Sanders, Owl City, Brittany Cope"
tt0839742,no,yes,no,no,no,no,7,Vasanth Santosham
tt10004368,no,yes,no,no,no,no,7,"Zofia Stafiej, Marek Sawicki, Mariusz Witkowski, Filip Perkowski, Piotr Domalewski"
tt10044220,no,no,no,no,no,no,7,Klara Fiolic
tt10127760,no,yes,yes,no,no,no,7,Filip Mayer
tt10199664,no,yes,no,no,no,no,7,"Nisrin Erradi, Maryam Touzani"
tt10218912,no,yes,no,no,no,no,7,"Lea Herman, Matthew Camp"
tt10244726,no,no,no,no,no,no,7,Fernando Alvim
tt10272386,no,yes,no,no,no,no,8,"Philippe Carcassonne, Ayesha Dharker, David Parfitt, Jamie D. Allen, Max Pirkis, Florian Zeller, Maria Andriani Andritsi"
tt10290062,no,yes,no,no,no,no,7,Rano Karno
tt10311018,no,yes,no,no,no,no,7,Ekin Koç
tt10366168,no,no,no,no,yes,no,7,Matthew Dale
tt10366806,no,yes,no,yes,no,no,7,Aleksandr Galibin
tt10370380,no,yes,no,yes,no,no,7,"Kuba Sprenger, Philipp Christopher, Marcel Sabat, Konstantin Frank"
tt10394738,no,no,yes,no,yes,no,7,"Greta Thunberg, Svante Thunberg"
tt10394822,no,yes,yes,no,no,no,7,"Moira Tabina Zayn, Laura Basuki"
tt10417622,no,no,no,no,no,no,7,"Dylan Skolnick, Wayne Townsend"
tt10438500,no,yes,no,no,no,no,7,"Lucia Sardo, Mauro Spitaleri, Catena Fiorello, Tania Bambaci"
tt10443794,no,no,no,no,yes,no,7,Sammy McIlroy
tt10497656,no,no,no,no,no,no,7,Liam Pemberton
tt10534996,yes,yes,yes,no,no,no,7,Sílvia Pérez Cruz
tt10539230,no,no,no,no,no,no,7,"Michael Baderschneider, Lutz Scheffer, Berit Künnecke"
tt10566928,no,yes,no,no,no,no,7,Srna Lango
tt10583170,no,yes,no,no,no,no,7,"Jirí Havelka, Pavla Tomicová, Dagmar Havlová, David Novotný, Vojtech Kotek, Klára Melísková, Tereza Ramba"
tt10608464,no,yes,no,no,no,no,7,"Maya Kenig, Ester Rada"
tt10627530,no,yes,no,no,no,no,8,"Flash Gianni Rose, Wendell Kinney"
tt10662310,no,yes,no,no,no,no,7,Francesca Hayward
tt10692788,no,yes,no,no,no,no,7,Alex Smith
tt10736506,yes,no,no,no,no,no,7,"Kensuke Sasaki, Kaori Fukuhara"
tt10741846,no,no,yes,no,yes,no,7,Fernanda Gordon
tt10749760,no,yes,no,no,no,no,7,Sami Bouajila
tt10756184,no,no,no,no,no,no,7,Hus Miller
tt10795144,no,yes,no,no,no,no,7,Meryll Soriano
tt10795930,no,yes,yes,no,no,no,7,Beby Tsabina
tt10827792,no,yes,no,no,no,no,7,Andreas C. Tselepos
tt10879920,no,yes,no,no,no,no,7,"Alfredo Castro, Martín Sepúlveda"
tt10901588,no,yes,no,no,no,no,7,Sumire
tt10975520,no,yes,no,no,no,no,7,Tai-Bo
tt11003218,no,yes,no,no,no,no,7,"David Knell, Alex Wolff, Sean Tarjyoto, Brian Sutherland, Elijah Ungvary, Lex Damis"
tt11034894,no,no,no,no,no,no,7,"Daniel Christensen, Thomas Mraz"
tt11068166,no,yes,no,no,no,no,7,Catherine Paillé
tt11081744,no,yes,no,no,no,no,7,"Gordan Kicic, Vladislava Djordjevic, Snezana van Houwelingen, Nina Jankovic"
tt1109624,no,no,no,no,no,no,7,"Ross Boatman, Hugh Bonneville, Tim Downie, Llewella Gideon, Hamish McColl, Eddie Nestor, Byron Wallen, Madeleine Worrall, Catherine Shepherd, Tom Meeten, Gus Brown, Madeleine Harris, Samuel Joslin, Johnny Derbyshire"
tt11127680,no,yes,no,no,no,no,7,"Philip Barantini, Lourdes Faberes, Bart Ruspoli, Ray Panthaki, Gary Lamont"
tt11223148,no,yes,no,no,no,no,7,"Vedrana Bozinovic, Dzenita Imamovic, Dino Sarija"
tt11226258,no,no,no,no,yes,no,7,Judd Overton
tt11241510,no,no,no,no,no,no,7,"Mart Sander, Väino Puura"
tt11281950,no,yes,yes,no,no,no,8,Hazar Deniz BG
tt11317142,no,yes,no,no,no,no,7,"Deborah Offner, Cilda Shaur, Rachel Sennott"
tt11321572,no,yes,no,no,no,no,7,Bruno Peixoto
tt11327514,no,yes,no,no,no,no,7,"Voltaire Colin Council, Jane McNeill, Sophia Lillis, Bennett Todd, Colton Ryan"
tt11376010,no,no,no,no,no,no,7,"Qyoko Kudo, George Keywood, Kyary Pamyu Pamyu, Allan Mustafa"
tt11389868,no,no,no,no,no,no,7,Miya Cech
tt11394180,no,yes,yes,no,yes,no,7,Travis W. Sproul
tt11394182,yes,no,no,no,yes,no,7,Aleks Krotoski
tt11454066,no,no,no,no,yes,no,7,"Pablo Marquez, Coco Arquette, Garett Bischoff"
tt11464826,no,yes,no,no,yes,no,7,"Laurie Lennard, Kara Hayward"
tt11466222,no,no,no,no,yes,no,7,"Dave England, Steve-O, Mike Estes, Compston Wilson, Brandon Leffler, Aaron Homoki"
tt11519834,no,no,no,no,no,no,7,"Polina Vasylyna, Julia Beliak"
tt11559472,no,yes,no,no,no,no,7,Tasha Connor
tt11586384,no,yes,no,no,no,no,7,Johannes Grenzfurthner
tt11612890,no,no,no,no,no,no,7,"Bruce Bennett, Samantha Baugnon, Brenna D'Amico, Ryan DeLaney"
tt11650226,no,no,no,no,no,no,7,Con O'Neill
tt11657662,yes,no,no,no,no,no,7,"Darryl Kurylo, Jennie Kwan, Michaela Dietz"
tt11767722,no,yes,no,no,no,no,7,"Majid Majidi, Mohammadreza Vakili"
tt11771704,no,yes,no,no,no,no,7,"Burak Karaman, Bedir Bedir"
tt11847410,no,yes,no,no,no,no,7,"Peymon Maskan, Megan Park"
tt11891870,no,yes,no,no,no,no,7,Kani Kusruti
tt11941248,no,yes,no,no,no,no,7,Jeong-Ah Kim
tt12166434,no,no,no,no,no,no,7,"Sergey Strelnikov, Roman Lutskyi"
tt12187586,no,no,no,yes,yes,no,7,Marianne Hill
tt12223548,no,yes,no,no,no,no,7,Omar Shaker
tt12246266,no,yes,no,no,no,no,7,"Ali Suliman, Anna Unterberger"
tt12421878,no,yes,no,no,no,no,7,"Léon Lambers, Jamie Munsey, Amy Homberg"
tt12519030,no,no,no,no,no,no,7,"Jarmo Puskala, Sophia Heikkilä"
tt12530960,no,yes,no,no,no,no,7,"Eri Murakawa, Yûki Furukawa"
tt12719846,no,yes,no,no,no,no,7,"Gusztáv Dietz, Éva Füsti Molnár, Anikó Haffner, Xénia Molnár, Ferenc Fandi, Anita Fábián, Réka Derzsi, Zoltán Rák, Dániel Baki, Áron Darabont"
tt12731980,no,no,no,no,no,no,7,"Michael Hagerty, Scott Haze, Gavin Lewis"
tt12735306,no,yes,no,no,no,no,7,Chengpeng Dong
tt12789558,no,yes,yes,no,no,no,7,"Ciarán Hinds, Joyce Branagh, James O'Donnell, Josie Walker, Haris Zambarloukos, Olivia Flanagan, Caitriona Balfe, Colin Morgan"
tt12801262,yes,no,no,no,no,no,7,"Marco Barricelli, Emma Berman, Giacomo Gianniotti, Jack Dylan Grazer, Saverio Raimondo"
tt12856788,no,no,no,no,no,no,7,"Mithun Purandare, Palak Singh"
tt12865416,yes,no,no,no,yes,no,9,Emil Constantinescu
tt13013820,no,yes,no,no,no,no,7,Faisal Khan
tt13033542,no,no,no,no,no,no,8,Suppasit Jongcheveevat
tt13049516,no,no,no,no,no,no,7,"Lar Park-Lincoln, Thomas Rivas"
tt13107800,no,yes,no,no,no,no,7,"Claudio Bigagli, Elvio La Pira, Martina Catalfamo"
tt13150564,no,no,yes,no,yes,no,7,Gabriela Sabatini
tt13182756,no,yes,yes,no,no,no,7,Nicholas Ralph
tt13217694,no,yes,no,no,no,no,8,Namewee
tt13324510,no,no,no,no,no,no,7,Amirreza Alizadeh
tt13327258,no,no,no,no,no,no,7,"Matthew Baume, Jinkx Monsoon, Brendan Haley"
tt13328824,no,yes,no,no,no,no,7,Petri Poikolainen
tt13424422,yes,no,no,no,no,no,7,"Yoshitsugu Matsuoka, Inori Minase"
tt13612010,no,yes,no,no,no,no,7,Unique Priscilla
tt13622146,no,yes,no,no,yes,no,7,Jonathan Tisch
tt13648212,no,yes,no,no,no,no,7,"Kumrije Hoxha, Manon Emmenegger, Labinot Lajçi, Shkelqim Islami"
tt13679164,no,no,no,no,no,no,9,"Jisoo Kim, Rosé"
tt13761148,no,yes,no,no,no,no,7,Ismail Hacioglu
tt13834788,no,yes,no,no,no,no,7,"Arawinda Kirana, Dimas Aditya"
tt13882736,no,no,no,no,no,no,7,Sverrir Þór Sverrisson
tt13885592,no,yes,no,no,no,no,7,"Gordon Muehle, Michael Witte, Marie Rosa Tietjen, Kristin Suckow"
tt13932304,no,yes,no,no,no,no,7,"Sara Ciocca, Filippo Dini, Astrid Casali, Maurizio Lastrico"
tt13982708,no,yes,no,no,no,no,7,"Hilje Murel, Peeter Simm, Aarne Soro, Rasmus Ermel, Kalju Orro, Anne Reemann, Tarvo Vridolin"
tt14061478,no,no,no,no,no,no,8,Ryan Shepherd
tt14065740,no,no,no,no,no,no,8,Bill de Blasio
tt14087490,no,no,no,no,no,no,7,Brooke Mueller
tt14152756,no,no,no,no,yes,no,8,George Monbiot
tt14194198,no,no,no,no,no,no,7,Vina Zhang
tt14253846,no,no,no,no,no,no,7,"Sune Kølster, Lea Baastrup Rønne, Menno Kohler, Mads Kruse"
tt14383680,no,yes,no,no,no,no,7,"Octavian Strunila, Anca Dumitra, Andreea Gramosteanu"
tt14474588,no,yes,no,no,no,no,7,Saygin Soysal
tt14500584,no,no,no,no,no,no,7,"Aki Asakura, Chikara Honda"
tt1450321,no,no,no,no,no,no,7,"Alexander Denk, Kate Dickie, Dr. Alban, Robin Laing, Shauna Macdonald, James McAvoy, Spero Stamboulis, Trudie Styler, Irvine Welsh, Jaakko Salovaara, Eliot Sumner, Billy Ocean, Sanjeev Kohli, Paul Campbell, Joy McAvoy, Darude, Emun Elliott, China Soul, Gato Scatena, Ashley McFarlane, Duffy"
tt1454468,no,yes,no,no,no,no,7,"Sandra Bullock, Christopher DeFaria, Neil Corbould, Adrian Getley, David Heyman, Peter Weireter, Bruce Winant, Ben Thompson, Richard Baker, Amy Warren, Lisa Hannigan"
tt14577022,no,yes,no,no,no,no,8,Zaza Chanturiya
tt14577742,no,yes,no,no,no,no,8,"Nermin Tulic, Zala Djuric"
tt1476425,no,yes,no,no,no,no,8,"Kiva Dawson, George Katt, Rich Bryant, Waylon Payne, Ryan Curtis"
tt14776918,no,yes,no,no,no,no,7,Lee Hye-yeong
tt14834542,no,yes,no,no,no,no,7,"Olga Sarzynska, Antoni Barlowski, Miron Jagniewski, Krzysztof Wrona, Kamila Jarosinska, Mateusz Król, Barbara Garstka, Malgorzata Mikolajczak"
tt15085802,no,no,no,no,yes,no,7,Tim Donaghy
tt15101938,no,no,no,no,yes,no,7,"Brocker Way, Chapman Way, Stacey Gardner"
tt15101956,no,no,no,no,yes,no,7,Chapman Way
tt15119676,no,yes,no,no,no,no,7,Peter Baláz
tt15255876,no,yes,no,no,no,no,7,"Jessie Camacho, Jonathan Avigdori"
tt15303262,no,yes,no,no,no,no,7,Chantal Herman
tt1536445,no,no,no,no,no,no,7,Skip Emerson
tt15388610,no,yes,no,no,no,no,7,"Tori Kelly, Marlee Grace Becker"
tt15390756,no,no,no,no,yes,no,7,Kelly Clark
tt15412176,no,yes,no,no,no,no,7,Chandler Massey
tt15546534,no,no,no,no,no,no,8,"Ingrid Marie Rivera, Luis O. Rosado"
tt15613538,no,yes,no,no,no,no,7,Kareem Mahmoud Abdel Aziz
tt1564945,no,yes,no,no,no,no,7,"Jeanne Marie Spicuzza, Guy Hoffman"
tt15684042,no,no,no,no,yes,no,7,"Daniele De Rossi, Giorgio Chiellini, Leonardo Bonucci, Marco Verratti"
tt15721032,no,no,yes,no,yes,no,7,"Andy Ostroy, Sophie Ostroy"
tt15826210,no,yes,no,no,no,no,8,Soumya Shetty
tt1587310,no,no,no,no,no,no,7,"Angelina Jolie, Sandy Fox, Lesley Manville, Sam Riley, Oliver Maltman, Elspeth Brodie, Jamie Maclachlan, Adam Bond, Peter G. Reed, Sian Angharad Anthony, Vivienne Jolie-Pitt, Kara Lily Hayworth, Eleanor Worthington-Cox, Isobelle Molloy"
tt1597028,no,no,no,no,yes,no,7,Cynthia Basinet
tt1618448,no,no,no,no,yes,yes,8,Leilani Münter
tt1640718,yes,yes,no,no,no,no,7,Damien Rice
tt1679276,no,no,no,no,no,no,7,"Ursela Monn, Babette Winter, Juri Winkler, Anton Petzold"
tt1690953,yes,no,no,no,no,no,7,"April Winchell, Andrew Driscoll, Pharrell Williams, Miranda Cosgrove, Nasim Pedrad, Pierre Coffin, Elsie Fisher, Arisa, Casey Simpson"
tt1702014,no,yes,no,no,no,no,7,"Eucir de Souza, Isabela Guasco, Tess Amorim, Fabio Audi, Ghilherme Lobo"
tt1714206,no,yes,no,no,no,no,7,"Andrew Lauren, Shawn Levy, Andre Royo, Nicci Roessler, Masam Holden, Miles Teller"
tt1737680,no,no,no,no,no,no,7,"Jay Sutherland, Anthony Phillips"
tt1772321,no,yes,no,no,no,no,7,Travis Case
tt1778931,no,no,yes,no,yes,no,7,"Jinkee Pacquiao, Freddie Roach"
tt1800338,no,yes,yes,no,no,no,7,"Ingeborg Ansing, Moniek Kramer, Saskia Rinsma, Ariane Schluter, Maartje Remmers, Isis Cabolet, Sallie Harmsen, Sophia Wezer"
tt1817232,yes,no,no,no,no,no,7,"Jennifer L. Hughes, Jeff 'Swampy' Marsh, Dan Povenmire, Sarah Hudson, Kyler Spears"
tt1857766,no,yes,no,no,no,no,7,Benjamin de Lajarte
tt1865505,yes,yes,no,no,no,no,8,"Jon Kenny, Nolwenn Leroy, Lisa Hannigan, Vladimir Angelove"
tt1969062,no,yes,no,no,no,no,7,"China Forbes, Mary O'Rourke"
tt1982759,no,no,no,no,no,no,7,Jack W. Carter
tt1988768,no,no,no,no,no,no,7,Antoinette Alexandrou
tt1995458,no,no,no,no,no,no,7,"Erik-Michael Estrada, Kristin VanOvan"
tt2008655,no,yes,no,no,no,no,7,"Peter Biagi, Andy Luther, Ken Hackney, William Tanoos"
tt2063626,no,yes,no,no,no,no,7,"Allyson Rice, Jinx Titanic"
tt2063745,no,yes,no,yes,no,no,7,Manu Rishi Chadha
tt2073600,no,yes,no,no,no,no,7,Marie Miller
tt2082155,no,no,no,no,no,no,7,Jaime Camil
tt2084953,no,no,no,no,yes,yes,7,Mark Zuckerberg
tt2096673,yes,no,no,no,no,no,8,"Diane Lane, Kyle MacLachlan, Paula Poundstone, Lori Alan, Mary Gibbs, Bill Hader, Richard Kind, Sherry Lynn, Bret 'Brook' Parker, Amy Poehler, Phyllis Smith, Paula Pell, Victor Navone, Mindy Kaling, Elissa Knight, Simon Rich, Nick Pitera, Kaitlyn Dias, Domee Shi"
tt2122283,no,yes,no,no,no,no,8,Jake Morgan-Scharhon
tt2124181,no,yes,no,no,no,no,8,Kris Lienert
tt2125430,no,yes,no,no,no,no,7,"Markus Potter, Jessica Rich, Melvin Breedlove, Travis Dahlhauser"
tt2126311,no,no,no,no,no,no,8,"Matt Pick, Chris Barrett, Mike Dusi"
tt2172935,no,no,no,no,no,no,7,"Nimród Antal, James Hetfield, Jeremy Raymond, Dan McLean, Kiwi O'Gorman"
tt2179116,no,yes,no,no,no,no,7,"Megan Mullally, Matt Waldeck, Moises Arias, Gabriel Basso, Andrew VanWyngarden, Nick Robinson, Lili Reinhart"
tt2182121,no,yes,no,no,no,no,7,"Gergely Pohárnok, Roland Rába"
tt2186781,no,yes,no,no,no,no,7,"Reed Luplau, Ryan Steele"
tt2202928,no,yes,no,no,no,no,7,Colleen Rennison
tt2210769,no,no,no,no,no,no,7,"Mariann Kocsis, Dezsö Rancsó, Rodrigo Crespo, Szabolcs Bede Fazekas, Mónika Balsai, Károly Ujj Mészáros, David Sakurai, Sándor Szûcs, Nóra Diána Takács, Ambrus Tövisházi, Andrea Balázs, Orsolya Mihályi, Kata Losonczi, Klára Jarábik, László Nádasi"
tt2231208,yes,no,no,no,no,no,7,"André Frateschi, Rogério Brito, Roly Gutiérrez"
tt2233268,no,yes,no,no,no,no,8,Anna Silvetti
tt2246565,no,no,yes,no,yes,no,7,José Alvarez
tt2250426,no,no,yes,no,yes,no,7,Simon Howard
tt2261749,no,yes,no,no,no,no,7,"Rita Blanco, Cécile Rebboah, Maria Vieira, Barbara Cabrita, Jean-Pierre Martins, Pauleta, Lannick Gautry, Alice Isaaz"
tt2262227,yes,no,no,no,no,no,7,"Sadie Benning, Kate del Castillo, Gabriel Iglesias, Diego Luna, Ben Gleib, Sandra Echeverría, Sean Ermey, Doug Hogan, Jack Crivelli, Marcus Mumford, Gizem Gülen, Maximilian Ehrenreich"
tt2263944,yes,no,no,no,no,no,7,"John Burgmeier, Charles C. Campbell, Chris Cason, Shigeru Chiba, Cynthia Cranz, Tôru Furuya, Ryô Horikawa, Chuck Huber, Miki Itô, Yôko Kawanami, Takeshi Kusao, Josh Martin, Meredith McCoy, Mike McFarland, Hikaru Midorikawa, Yûko Minaguchi, Yûji Mitsuya, Christopher Sabat, Sean Schemmel, Kôzô Shioya, Mark Stoddard, Sonny Strait, Mayumi Tanaka, Naoki Tatsuta, Naoko Watanabe, Kent Williams, Eiko Yamada, Ryûzaburô Ôtomo, Kyle Hebert, Justin Cook, Masakazu Morita, Chris Rager, Kara Edwards, Ian Sinclair, Bradford Jackson, Aya Hirano, Colleen Clinkenbeard, Shôko Nakagawa, Rawly Pickens, Scott Freeman, Aaron Roberts"
tt2265567,no,no,no,no,yes,yes,7,Allison Hagendorf
tt2267968,yes,no,no,no,no,no,7,"Barbara Dirickson, April Hong, Ming Tsai, Láng Lang, Willie Geist, Shiloh Jolie-Pitt, Zahara Jolie-Pitt, Radzi Chinyanganya"
tt2274358,no,yes,no,no,no,no,7,Noémie Godin-Vigneau
tt2277860,yes,no,no,no,no,no,7,"Andrew Stanton, Ty Burrell, Vicki Lewis, Kaitlin Olson, Jason Pace, Jerome Ranft, Regina Taufen, Samantha Jane Samuels, Carrie Paff"
tt2277946,no,no,no,no,yes,no,7,Angela Sun
tt2278388,no,no,no,no,no,no,8,"Ralph Fiennes, Jeff Goldblum, Jude Law, Adrien Brody, Mathieu Amalric, Michael Benthin, Michaela Caspar, Heike Hanold-Lynch, Florian Lukas, Matthias Matschke, Rainer Reiners, Steffen Scheumann, Hans Martin Stier, Sabine Urig, Giselda Volodi, Hannes Wegener, Milton Welsh, Daniel Steiner, Tony Revolori, Volker Michalowski, Claudia Jung, Golo Euler, Hugo Guinness, Hendrik von Bültzingslöwen, Robin Hurlstone, Edward Bursch, Marko Dyrlich, Bernhard Kremser"
tt2294916,no,no,yes,no,yes,no,7,Daniel Pickett
tt2303626,no,yes,no,no,no,no,7,Jelena Stupljanin
tt2304426,no,yes,no,no,no,no,7,"Colson Smith, Conner Chapman, Shaun Thomas, Nohail Nazir Mohammed"
tt2309941,no,yes,no,no,no,no,7,"Marc Bary, Bianca Krijgsman, Issaka Sawadogo, Teun Stokkel"
tt2321405,yes,yes,no,no,no,no,7,"Morgan Navarro, Sophie Hunger"
tt2322316,yes,no,no,no,no,no,7,Fernanda Takai
tt2325853,no,yes,yes,no,no,no,7,"Brandy Kopp, Bill Sorice, Vincenzo Caiola, Edward Michael Scott, Marshawn Lynch"
tt2334608,no,yes,no,no,no,no,7,"Mark Ezra Stokes, Sanna Erica"
tt2334649,no,yes,yes,no,no,no,7,"Melonie Diaz, Michael B. Jordan, Caroline Lesley, Octavia Spencer, Ahna O'Reilly, Germán Legarreta, Joey Oglesby, Richard Kho, Dustin Miller"
tt2334873,no,yes,no,no,no,no,7,"Andrew Dice Clay, Emily Bergl, Bobby Cannavale, Max Casella, Richard Conti, Kathy Tong, Sally Hawkins, Ali Fedotowsky"
tt2338399,no,no,no,no,no,no,8,"Brendan Hutt, Jarno Siivola, Jessica Spaid, Josh Razavi, Anna Baird Galloway"
tt2348478,no,yes,no,no,no,no,8,"Radhaa Nilia, Orion Bradshaw"
tt2358456,no,yes,yes,no,yes,no,7,Debra Spinney
tt2359024,no,yes,no,no,no,no,7,"Eve Plumb, Amy Hargreaves, Kevin Kolack, Sidné Anderson, Skei Saulnier, Katie Kramer"
tt2359427,no,no,yes,no,yes,no,7,"Mike D'Antoni, Jeremy Lin"
tt2361846,yes,yes,no,no,no,no,7,James Hancock
tt2370248,no,yes,no,no,no,no,7,"John Gallagher Jr., Brie Larson, Isabella Peregrina, Anna Mercedes Morris, M. Elizabeth Hughes, Renonda Bray, LaKeith Stanfield, Kaitlyn Dever, Stephanie Beatriz, Bran'dee Allen"
tt2371158,no,yes,no,no,no,no,7,"Alain Clark, Pierre Rieu"
tt2374902,no,yes,no,no,no,no,7,"Halldóra Geirharðsdóttir, Brynhildur Guðjónsdóttir, Ívar Arnþórsson"
tt2375037,no,no,no,no,no,no,7,Kelvin Hale
tt2377398,no,yes,no,no,no,no,7,Martín Vicario
tt2378401,no,no,no,no,yes,no,7,Ravi Patel
tt2387575,no,yes,no,no,no,no,7,"Niaz Diasamidze, Levan Glonti, Paata Papuashvili"
tt2388621,no,yes,no,no,no,no,7,"Hill Harper, Amanda Ramsaran"
tt2390361,no,yes,no,no,no,no,7,"Julia Louis-Dreyfus, Michael Alba, Ben Falcone, Tavi Gevinson, Phillip Brock"
tt2395417,no,yes,no,no,no,no,7,"Tim Potter, Deborah Frances-White, Andrew Ashford, Rosie Kosky-Hensman"
tt2396566,no,no,yes,no,yes,no,7,Lisa Fischer
tt2397535,no,yes,no,no,no,no,7,"Tyler Coppin, Jim Knobeloch, Freya Stafford, Ben Steel, Christopher Stollery, Madeleine West, Rob Jenkins, John Klotz, Aaron Farrugia, Sarah Snook, Arielle Carver-O'Neill"
tt2401213,no,no,no,no,no,no,7,"Viktor Andrienko, Igor Pismennyy, Igor Filippov, Andriy Shevchenko, Shady Othman"
tt2401878,yes,yes,no,no,no,no,7,"Tom Noonan, Dino Stamatopoulos, Lee-Roy Lahey, Jason M. Norman, Pandora Edmiston"
tt2404241,no,yes,no,no,no,no,7,Ramon Y. Tungka
tt2406252,no,yes,no,no,no,no,7,"David Ives, Emmanuelle Seigner"
tt2406464,no,no,no,no,no,no,7,David Weisiger
tt2410290,no,yes,no,no,no,no,8,Mark DeMayo
tt2417154,no,no,yes,no,yes,no,8,"Karl Alvarez, Joey Cape"
tt2431286,no,yes,yes,no,no,no,7,"Mare Winningham, Steve Coogan, Michelle Fairley, Kate Fleetwood, Peter Hermann, Marie Jones, Simone Lahbib, Frankie McCafferty, Martin Glyn Murray, Anna Maxwell Martin, Patricia Mantuano"
tt2433448,no,yes,no,no,yes,no,7,Samantha Buck
tt2434988,no,yes,no,no,no,no,7,"Indra Brike, Vita Varpina"
tt2438644,no,yes,no,no,no,no,7,"Michael Brostrup, Kenneth Carmohn, Eric Ericson, Fares Fares, Tilde Maja Frederiksen, Betina Grove Ankerdal, Peter Aalbæk Jensen, Nikolaj Lie Kaas, Claes Ljungmark, Troels Lyby, Victor Marcussen, Søren Pilmark, Sonja Richter, Anders Barlebo, Pernille Lyneborg, Per Scheel Krüger, Anne Bærskog Hauger, Nynne Bojsen, Divya Das, Stine Prætorius, Christian Geisnæs, Jesper Riefensthal, Marijana Jankovic, Peter Plaugborg, Mikkel Boe Følsgaard, Marie Mondrup, Marie Boda, Bebiane Ivalo Kreutzmann, Anton Honik, Divya Das, Sebastian Teschemacher, Nicholas Westwood Kidd, Jeff Pitzner, Katrine Engberg, Lucas Lynggaard Tønnesen, Claus Maack Bahnsen, Øyvind B. Fabricius Holm"
tt2442080,no,no,no,no,yes,no,7,"Alpár Fogarasi, Ana Maria Moldovan, Szabolcs Tyukodi, Csaba Marosán, Dan Chiorean"
tt2450056,no,no,no,no,no,no,8,"La'Myia Good, Jadyn Douglas, Adam Senn, Oakley Boycott"
tt2450258,no,no,yes,no,yes,no,7,Jon Mikl Thor
tt2452042,yes,no,no,no,no,no,7,"Alex Garfin, Sam Kremers-Nedell, Madisyn Shipman, Sam Lavagnino, Mariel Sheets, Meghan Trainor"
tt2452386,no,yes,no,no,no,no,7,"Donna Biscoe, Craig Roberts, Bill Murphey"
tt2458776,no,no,no,no,yes,no,7,Pamela Ribon
tt2459156,no,yes,no,no,no,no,7,"Gethin Anthony, Frederikke Dahl Hansen, Hélène Kuhn, Sebastian Bull Sarning"
tt2472432,no,yes,no,no,no,no,7,"Dick van den Heuvel, Dave Schram, Faas Wijn"
tt2476090,no,no,no,no,no,no,8,Matt Lukin
tt2476726,no,yes,no,no,no,no,7,Sabina Räw Frank
tt2486678,no,yes,no,no,no,no,7,"Alan Gilbert, Daniel Boulud, Terra Naomi, Bérénice Marlohe"
tt2514298,no,yes,yes,no,yes,no,7,Linor Abargil
tt2516720,no,yes,no,no,no,no,7,Jamie Keohane
tt2523832,no,yes,no,no,no,no,7,"Hunter King, Lexi Ainsworth, Terri Partyka, Lauren Tischler"
tt2527192,no,yes,no,no,yes,no,7,Amber Rubarth
tt2534634,no,yes,yes,no,no,no,7,"Kaili Närep, Märt Avandi, Mikhail Pashchuk"
tt2534648,no,yes,no,no,no,no,7,"Ilmar Raag, Kiiri Tamm, Piret Laurimaa, Jüri Lumiste"
tt2545428,no,no,no,no,yes,no,7,Conrad Anker
tt2555202,no,no,yes,no,yes,no,7,Kent Schaffer
tt2560102,no,yes,no,no,no,no,7,"Hong Khaou, Giles Foreman"
tt2560440,no,yes,no,no,no,no,7,"Eva Medusa Gühne, Lene Marlin"
tt2577990,no,no,no,no,yes,no,7,Marta Cunningham
tt2594950,no,yes,no,no,no,no,7,"Vladislav Toldykov, Irina Nizina, Aleksey Alekseev, Dmitriy Kulichkov, Ilya Isaev, Yuriy Bykov, Denis Shvedov, Egor Gubarev"
tt2604642,no,yes,no,no,no,no,8,Bailey Gaddis
tt2611652,no,yes,no,no,no,no,7,"Sigurjón Kjartansson, Halfdan Pedersen, Thorir Sæmundsson"
tt2614684,no,yes,no,no,no,no,7,"Dawn Bradfield, Richard Dormer, Aphex Twin, Martin McCann, Paul Popplewell, Jamie D. Allen, Aaron Monaghan, Alan Donohoe, Denise Gough, Jack O'Connell, Sam Reid, Charlie Murphy, Deantoni Parks"
tt2617828,no,yes,no,no,no,no,7,"Vilmar Bieri, Attila Borlan, Oliver Bröcker, Horst Krebs, Shenja Lacher, Max Riemelt, Katharina Schüttler, Karsten Dahlem, Hanno Koffler, Stephanie Schönfeld, Britta Hammelstein, Barbara Bernt"
tt2636124,yes,no,no,no,no,no,7,Katherine Salavarria
tt2650718,no,yes,no,no,no,no,7,"Ton Kas, Diederik Ebbinge, Renske de Greef"
tt2654536,no,yes,no,no,no,no,8,"Darius Campbell, Stuart Brennan, Sarina Taylor"
tt2689966,no,no,no,no,yes,no,7,"Michael Esper, Mary Faber"
tt2692904,no,yes,no,no,no,no,7,"Tom Hardy, Haris Zambarloukos, Kirsty Dillon, Ruth Wilson"
tt2709312,no,yes,no,no,yes,no,7,Vladimir Bozic
tt2718492,no,yes,no,no,no,no,7,"Pawel Burczyk, Mariusz Jakus, Agata Kulesza, Rebecca Lenkiewicz, Claus Lynge, Adam Szyszkowski, Izabela Dabrowska, Jan Wojciech Poradowski, Andrzej Poneta, Artur Janusiak, Maciej A. Maciejewski, Dorota Kuduk, Dawid Ogrodnik, Agata Trzebuchowska, Afrodyta Weselak"
tt2719448,no,no,yes,no,yes,no,7,Nina West
tt2723240,no,yes,no,no,no,no,7,"Joana Adu-Gyamfi, Sebastian Blomberg"
tt2724790,no,no,no,no,no,no,7,Kathy Uyen
tt2725076,no,yes,no,no,no,no,7,"Tanna Frederick, Rylie Behr"
tt2728458,no,yes,no,no,no,no,7,Shkumbin Istrefi
tt2737050,no,yes,no,no,no,no,7,"Marion Cotillard, Fabrizio Rongione, Christelle Cornil, Myriem Akheddiou"
tt2749296,no,yes,no,no,no,no,7,"Fanny La Croix, Eliane Gagnon"
tt2756032,no,yes,no,no,no,no,7,"Elisabeth Moss, Mark Duplass, Sean O'Malley, Nathan Sloan"
tt2764784,no,yes,no,no,no,no,7,"Nina Hoss, Nina Kunzendorf, Frederic Moriette, Christian Petzold, Felix Römer, Frank Seppeler, Michael Wenninger, Valerie Koch, Holger Hiller, Daniela Holtz, Eva Bay, Kathrin Wehlisch"
tt2785032,no,yes,no,no,no,no,7,"Zoe Carides, Kim Gyngell, Stephen James King, Josh Lawson, Lisa McCune, Bojana Novakovic, Matt Reeder, Kate Mulvany"
tt2800240,no,no,no,no,no,no,7,"Élodie Fontan, Frédéric Saurel, Elie Semoun, Isaac Sharry, Frédérique Bel, Nicolas Buchoux, Julia Piaton, Noom Diawara, Frédéric Chau, Ary Abittan, David Salles, Medi Sadoun"
tt2817294,no,no,yes,no,yes,no,8,John-Peter Hasson
tt2820226,no,yes,no,no,no,no,7,"Rebecca Jones, María Renée Prudencio"
tt2821314,no,no,no,no,yes,yes,7,Ben Bledsoe
tt2837866,no,no,no,no,yes,yes,7,"Xavier Ripoll, Carlos del Valle"
tt2846008,no,yes,no,no,no,no,7,Kamka Tocinovski
tt2848876,no,yes,no,no,no,no,7,Negar Javaherian
tt2850386,yes,no,no,no,no,no,7,Kelly Marie Tran
tt2852406,no,yes,no,no,no,no,7,"Waleed Zuaiter, Arian Moayed, Ihab Jadallah, Doraid Liddawi, Leem Lubany"
tt2866346,no,no,no,no,no,no,7,"Nashla Bogaert, Claudette Lalí"
tt2866360,no,yes,no,no,no,no,7,"Elizabeth Gracen, Nicholas Brendon, Kelly Donovan, Maury Sterling, Lauren Maher, Emily Baldoni, Scott Berst"
tt2871482,no,yes,no,yes,no,no,7,"Akhtem Seitablaev, Andrey Saminin"
tt2872570,no,no,no,no,yes,no,7,Jason Fife
tt2872750,yes,no,no,no,no,no,7,"Mike Barson, Kate Harbour, Paul Heard, Vic Reeves, John Sparkes, Lee Thompson, Justin Fletcher, Chris Shiflett, Eliza Doolittle"
tt2883218,no,yes,no,no,no,no,7,"Michael Neuenschwander, Nicolas Rosat, Marcus Signer, Pascal Ulli, Celine Wenger, Pedro Lenz"
tt2886632,no,yes,no,no,no,no,7,"Milic Jovanovic, Milena Jaksic, Bubulina Lajçi, Nenad Vulevic"
tt2895692,no,yes,no,no,no,no,7,"Micah Brock, Tess Kielhamer, Rocky Chavez"
tt2901736,no,yes,no,no,no,no,7,"Tian Wen Chen, Yann Yann Yeo"
tt2911214,no,yes,no,no,no,no,9,Griffin Kehoe
tt2914386,no,yes,no,no,no,no,7,Aurore Broutin
tt2915160,no,yes,no,yes,no,no,7,"Shadi Mar'i, Tsahi Halevi"
tt2938376,yes,no,no,no,no,no,9,"Sherrie Silver, Makeida Ezekiel"
tt2942016,no,yes,no,no,no,no,7,"JT Alexander, Najee De-Tiege"
tt2943352,yes,no,no,no,no,no,7,Maudy Ayunda
tt2945970,no,no,no,no,no,no,7,Todd Terry
tt2948166,no,yes,no,no,no,no,7,"Nikola Bulatovic, Milos Radovic, Lazar Ristovski, Teodora Ristovski"
tt2952634,no,no,yes,no,no,no,7,Ernesto D'Argenio
tt2962932,no,yes,no,no,no,no,7,"Zoe Quist, Jessica Rothert, Daniel Ponickly"
tt2967286,yes,no,no,no,no,no,7,"Asami Imai, Trina Nishimura, Jessica Cavanagh"
tt2967856,yes,no,yes,no,no,no,7,"Patrick Schulz, Miroslaw Haniszewski"
tt2972098,no,no,yes,no,yes,no,7,Samantha Fuller
tt2980626,no,no,yes,no,yes,no,7,"Samantha Futerman, Michael Scott Allen"
tt2990738,no,no,no,no,no,no,7,"Han Soo Hyun, Hye-jin Jeon, Choi Jin-ho, Lee Da-wit"
tt2991224,no,yes,no,yes,no,no,8,"Elmo Nüganen, Niaz Diasamidze"
tt3004774,no,yes,no,no,no,no,7,"Ulrike Hübschmann, Roman Shamov"
tt3007302,no,yes,no,no,no,no,7,Eric Schaeffer
tt3013930,no,no,no,no,no,no,7,Daniel Lemire
tt3014454,no,yes,no,no,no,no,7,Joe Wakeford
tt3017864,yes,no,no,no,no,no,7,"Yôji Ueda, Ken'ichirô Matsuda, Marcus D. Stimac"
tt3030714,no,no,no,no,no,no,8,"David Michael O'Donnell, Raef Lawson"
tt3042946,no,yes,no,no,no,no,7,Anghel Damian
tt3057718,no,no,no,no,yes,no,7,Bobby Valentine
tt3059656,no,yes,no,no,no,no,7,"Milica Tomic, Mihailo Laptosevic, Draginja Voganjac, Denis Muric"
tt3060492,no,yes,no,no,no,no,7,"Paul Wesley, Joseph DeVito, Isabelle McNally, Fatima Ptacek, Allison Huntington Chase"
tt3063462,no,yes,no,no,no,no,7,Jaren Brandt Bartlett
tt3065978,no,yes,no,no,no,no,7,"Dan Chisu, Liviu Pojoni Jr., Toma Cuzin, Gheorghe Ifrim, Olimpia Melinte, Zina Ramona Tanase"
tt3071054,no,no,no,no,no,no,7,David Jones Jr.
tt3078242,no,yes,no,no,no,no,7,Themis Panou
tt3092790,no,no,no,no,no,no,7,"Matthew Butler-Hart, Adam Alexander"
tt3107166,no,yes,no,no,no,no,7,"Patricia Pinto, Keke Palmer, Lyrica Okano, Nina Cuso"
tt3114218,no,yes,no,no,no,no,7,"Rakan Rushaidat, Daria Lorenci, Janko Popovic Volaric"
tt3118664,no,no,no,no,no,no,7,"Tato Kotetishvili, Levan Glonti"
tt3129564,no,yes,no,yes,no,no,7,"Stefan Wilkening, Lucas Prisor"
tt3132714,no,yes,yes,no,no,no,7,Ariana Rivoire
tt3153532,no,no,no,no,no,no,7,"Steve Schwartz, Craig Rees, Silke Burmester, Ben Astill"
tt3163304,no,yes,no,no,no,no,7,"Assaf Ben-Shimon, Kobi Maimon"
tt3168808,no,no,no,no,yes,no,7,Julien Huntley
tt3176284,no,no,no,no,yes,no,8,Keith Robert Patterson
tt3182596,no,yes,no,no,no,no,7,"Salwa Khattab, Yasmin Raeis"
tt3183630,yes,no,no,no,no,no,7,Lu Horta
tt3183716,no,no,yes,no,yes,no,7,"Aitor Merino, Amaia Merino"
tt3203290,no,no,no,no,yes,no,7,Jeremy Lin
tt3226290,no,yes,no,no,yes,no,7,Christopher Pellegrini
tt3240752,no,no,yes,no,yes,no,7,Michael Gelman
tt3244992,no,yes,no,no,no,no,7,"Sarah Dunsworth, Sam Tarasco, Krystle Luther, Josh Williams"
tt3253624,no,no,no,no,yes,no,7,Sarah Scott
tt3262342,yes,no,yes,no,no,no,7,"Holly Earl, Jerome Flynn, Bill Thomas, Cezary Lukaszewicz, Piotr Pamula, Robin Hodges, Robert Gulaczyk"
tt3263408,no,yes,no,no,no,no,7,"Chris Webber, Sarah Mather"
tt3263568,no,no,yes,no,yes,no,7,Julio César Chávez Jr.
tt3263904,no,yes,yes,no,no,no,7,"Mike O'Malley, Purva Bedi, Molly Bernard, Katie Couric, Lisa Dempsey, Anna Gunn, Molly Hagan, Jeff Kober, Valerie Mahaffey, E. Roger Mitchell, Brett Rice, Jamey Sheridan, Autumn Reeser, Kara Revel, Jeremy Luke, Graham Sibley, Tierney Sutton, Wayne Bastrup, Kristine Johnson, Onira Tares, Bernardo Badillo, Ashley Austin Morris, Chesley Sullenberger, Laura Lundy"
tt3264102,no,no,yes,no,yes,no,7,Viacheslav Fetisov
tt3273636,no,yes,no,no,no,no,7,"Victoria Mayer, Siggi Mueller, Julia Koschitz, Sos Petrosyan, Katrin Jaehne"
tt3281640,no,no,no,no,no,no,7,Sierra Quitiquit
tt3283714,no,no,no,no,no,no,7,"Asli Tandogan, Ekim Magden, Bogaçhan Sözmen, Serkan Duran, Tolga Tekin, Emrah Serbes, Fatih Artman, Berkan Sal, ibrahim Sevinc, Selahattin Bel"
tt3283804,no,yes,no,no,no,no,7,"Sumru Yavrucuk, Aras Bulut Iynemli"
tt3289362,no,yes,no,no,no,no,7,"Reyes Moleres, Jordi Sánchez"
tt3295734,no,yes,no,no,no,no,7,"Riker Lynch, Rocky Lynch, Kein Oros"
tt3296658,no,yes,no,no,no,no,7,"Charlotte Bøving, Sigurður Sigurjónsson"
tt3312100,no,no,no,no,yes,yes,7,Justin Brooks
tt3312838,no,yes,no,no,no,no,7,"Michael Wayne James, Chelsea Gilligan"
tt3315000,no,yes,no,no,no,no,7,Lisa Henni
tt3316302,no,yes,no,no,yes,no,8,Nolay Piho
tt3317696,no,yes,yes,no,yes,no,8,Stefanja Orlowska
tt3318956,no,no,yes,no,yes,no,8,Brian Donovan
tt3333980,no,yes,no,no,no,no,7,"Jonah Blechman, Samantha Hale"
tt3335048,no,yes,no,no,no,no,7,"Danica Curcic, Oskar Sælan Halskov"
tt3345670,no,no,no,no,no,no,7,"Zamira Kita, Enxhi Cuku"
tt3365778,no,yes,no,no,no,no,7,"Joséphine Japy, Lou de Laâge"
tt3374966,no,no,no,no,no,no,7,"Antonio Alveario, Pif"
tt3385524,no,yes,yes,no,no,no,7,"Richard Cant, Steve Coogan, Susy Kane, Ella Kenion, Sanjeev Kohli, Jonathan Merrell, Nina Arianda, Andy Mihalache, Tapiwa Mugweni"
tt3409392,no,yes,no,yes,no,no,7,Sylvie Pialat
tt3411556,no,yes,no,no,no,no,8,"Marius Iliescu, Zachary Laoutides, Emmanuel Isaac, Joseph Mennella"
tt3413018,yes,yes,no,no,no,no,7,"James Belcher, Aya Suzaki, Margaret McDonald, Caitlynn French"
tt3416742,no,no,no,no,no,no,7,"Taika Waititi, Rhys Darby, Chelsie Preston Crayford"
tt3434122,no,no,no,no,no,no,7,Alan Rackley
tt3445270,no,no,no,no,yes,no,8,"Brocker Way, Chapman Way"
tt3463250,no,yes,no,no,no,no,7,"Juliana Paes, Luma Vidal"
tt3468824,no,yes,no,no,no,no,7,Goran Trenchovski
tt3478444,no,no,no,no,yes,no,8,Doruk Kara
tt3480942,no,no,no,no,no,no,7,"Mandy Bruno Bogue, Danicah Waldo, Olivia Mallano"
tt3486684,no,no,no,no,no,no,7,Tran Thi Nha Phuong
tt3487886,no,no,no,no,no,no,7,"Pauli Janhunen Calderón, Rebecka Andersson"
tt3492838,no,yes,no,no,no,no,7,"Andrej Pipovic, Antonovic Tamara"
tt3496334,no,yes,no,no,no,no,7,"Lóránt Csorba, Roland Lukács, Tamás Owczarek, Judit Tarr, Júlia Huzella, Kata Bach, Ivett Diána Bukovinszki"
tt3499542,no,yes,no,no,no,no,7,"Marius Iliescu, Zachary Laoutides, Joseph Mennella"
tt3502932,no,yes,no,no,no,no,7,Giorgi Maskharashvili
tt3510372,no,yes,no,no,no,no,7,Ahmad Dash
tt3518012,no,no,yes,no,yes,no,7,Andrew Sullivan
tt3529198,yes,no,no,no,no,no,7,"Maryke Hendrikse, Andrea Libman, Cathy Weseluck, Rebecca Shoichet, Ashleigh Ball, Kazumi Evans"
tt3530882,no,no,no,no,yes,no,7,Mac Wilkins
tt3531260,no,yes,no,no,no,no,8,"Amber Bartlett, Ian McCarthy"
tt3538766,no,no,yes,no,yes,no,7,Marc Balaguer
tt3544082,no,yes,no,no,no,no,7,"Sam Alexander, Dolly Wells"
tt3549206,no,no,no,no,yes,no,7,Cristina Pato
tt3564122,no,yes,no,no,no,no,7,"Marius Iliescu, Zachary Laoutides, Emmanuel Isaac, Joseph Mennella"
tt3566788,no,yes,no,no,no,no,7,Taysha Fuller
tt3569978,no,yes,no,no,no,no,7,"Dana Ivgy, Asaf Korman, Liron Ben-Shlush, Yaakov Zada Daniel, Sophia Ostrisky"
tt3574966,no,yes,no,no,no,no,7,"Natsuhi Ueno, Christopher Pellegrini"
tt3576084,no,yes,no,no,no,no,7,"Dana Ivgy, Talya Lavie, Meytal Gal, Adi Havshush, Shani Klein, Yonit Tobi"
tt3579524,yes,no,no,no,no,no,7,"Shunsuke Sakuya, Yôji Ueda, Ken'ichirô Matsuda"
tt3589408,no,no,no,no,no,no,7,"M.E. Lewis, Craig Cyr, Luke Saagi, Danny Harvey, Jordan Heron"
tt3591984,no,yes,no,no,no,no,7,Irina Ermolova
tt3592542,no,no,yes,no,yes,no,7,"Luchino Visconti di Modrone, Javier Zanetti, Beppe Severgnini"
tt3593124,no,no,yes,no,yes,no,7,Nicholas de Wolff
tt3604944,no,no,no,no,no,no,7,"Miro Gavran, Giedrius Savickas"
tt3607812,no,no,yes,no,yes,no,7,Dave Keystone
tt3627572,no,no,no,no,no,no,7,Sebastian Topan
tt3638396,no,yes,no,no,no,no,7,"Marthe Bernard, Connor Jessup, Aliocha Schneider"
tt3699354,no,no,yes,no,yes,no,7,Jeptha Storm
tt3699674,no,no,no,no,yes,no,7,David Lieberman
tt3704050,no,yes,no,no,no,no,7,"Kieran Sherry, Jeff Sagansky, Peter DaCunha, T.J. McGibbon"
tt3710778,no,no,no,yes,no,no,7,Ron Rogell
tt3726252,no,no,yes,no,yes,no,8,"Vaughan Sivell, Joe Calzaghe"
tt3733374,no,yes,yes,no,yes,no,7,Eden Wurmfeld
tt3733622,no,no,no,no,yes,no,7,Pedro Salustiano
tt3734688,no,yes,no,no,no,no,7,Hetty Baynes
tt3735302,no,no,yes,no,yes,no,7,Lizzie Velasquez
tt3737280,no,no,no,no,yes,no,7,Charlotte Harris
tt3744264,no,yes,no,no,no,no,7,"Michelle Chen, Lauren Sweetser, Aidan Laprete"
tt3750872,no,yes,no,no,no,no,7,"Anna Azcárate, Suzanne Bertish, Richard Cordery, James Layton, Jan Mybrand, Johan Widerberg, Joe Lervold, Annie Starke, Max Irons, Alix Wilton Regan, Fredrik Dalenfjäll"
tt3774870,no,yes,no,no,no,no,7,"Ferenc Pusztai, Andrea Petrik, Márton Kristóf"
tt3776518,no,yes,no,no,no,no,7,"Leslie Hall, Byron McNally"
tt3819668,yes,no,no,no,no,no,7,"John Burgmeier, Chuck Huber, Meredith McCoy, Mike McFarland, Christopher Sabat, Sean Schemmel, Sonny Strait, Eiko Yamada, Kyle Hebert, Ian Sinclair, Shirô Saitô, Ayaka Sasaki, Jeremy Schwartz, Shôko Nakagawa, Momoka Ariyasu, Micah Solusod, Michelle Rojas, Shiori Tamai, Kanako Momota, Reni Takagi"
tt3824458,no,yes,no,no,no,no,7,"Radium Cheung, Scott Krinsky, Scott Lyons, Jason Stuart, Josh Sussman, Alla Tumanian, Katja Kassin, Darren Dean, Ana Foxx, Mia Hurley, Chelcie Lynn"
tt3824648,no,yes,no,no,no,no,7,"Jon Freda, Emily Arlook, Jonathan Eudowe"
tt3824722,no,no,no,no,yes,no,7,"Jason James Richter, Leah Ann Cevoli"
tt3826452,no,yes,no,no,no,no,7,"Ron Marino, Dartel McRae, Gregg Prosser"
tt3826790,no,yes,no,no,no,no,8,Aleksandra Andrzejewska
tt3837248,yes,yes,no,no,no,no,7,"Yoshino Nanjô, Maho Matsunaga"
tt3839906,no,yes,no,yes,no,no,7,"Merila Zare'i, Mohsen Avid"
tt3846674,no,yes,no,no,no,no,7,"Janel Parrish, Tamara-Lee Notcutt, Tegan and Sara, Sara Quin, Tegan Quin, Sean Kennedy, Noah Centineo, Erin McCarley, Emilija Baranac, Andrew Bachelor, Madeleine Arthur, Jordan Burtchett, Lauv, Trezzo Mahoro, Lana Condor, Anna Cathcart"
tt3854234,no,yes,no,no,no,no,7,Joaquín Furriel
tt3865286,no,yes,no,no,no,no,8,"John Altman, Jan Anderson, Sabrina Dickens, Allen Lindenberg"
tt3871940,yes,no,no,no,no,no,7,Kyary Pamyu Pamyu
tt3879200,no,yes,no,no,no,no,7,Peter Cilella
tt3894344,no,yes,no,no,no,no,7,Dogan Izci
tt3901826,yes,yes,no,no,no,no,7,"Saara Chaudry, Noorin Gulamgaus"
tt3902120,no,yes,no,no,no,no,7,Shayna Beining
tt3910602,no,no,yes,no,yes,no,7,Pat Finn
tt3920820,no,yes,yes,no,no,no,7,"David Caffey, Thutmose, Tiffany Dupont, Amy Baer, Dean Denton, Jacob Wingfield"
tt3953600,no,yes,no,no,no,no,7,"Kang-i Lee, Garance Li-Wen Wang, Chen-Ling Wen, Oliver Chou"
tt3954882,no,yes,no,no,no,no,7,Shahyan Tahseen
tt3955672,no,yes,no,no,no,no,7,"Yigal Adika, Shlomi Koriat, Irit Kaplan, Elisha Banai"
tt3962384,no,no,no,no,no,no,8,Olga Rodina
tt3966404,no,yes,no,no,no,no,7,"Alice Winocour, Bahar Kerimoglu, Deniz Gamze Ergüven, Elit Iscan, Svetlane Vaesken, Nihal G. Koldas, Burak Yigit, Ilayda Akdogan"
tt3966544,no,no,no,no,yes,no,7,Emile Nicolaou
tt3983674,no,no,no,no,yes,yes,7,Jennifer Siebel Newsom
tt3990720,no,yes,no,no,no,no,7,"Irena Ristic, Kamka Tocinovski, Aleksandar Mikic"
tt4000670,no,no,yes,no,yes,no,7,"Stuart Galbraith IV, Rikiya Mifune"
tt4008758,no,yes,no,no,no,no,7,"Bilall Fallah, Adil El Arbi"
tt4012916,no,no,no,no,no,no,7,"Bruce Bennett, Andrew Aguilar, Sandra Nori, Cheick Kongo, Aisa Palomares, Sofia Pernas, Cain Velasquez, Julie Cude-Eaton"
tt4016942,yes,no,no,no,no,no,7,"Shunsuke Sakuya, Yôji Ueda, Ken'ichirô Matsuda, Yûko Hara"
tt4026034,no,no,no,no,yes,no,7,Ray Parker Jr.
tt4040888,no,yes,no,no,no,no,7,Luc Senay
tt4040896,no,no,yes,no,yes,no,7,Farru
tt4057246,no,no,yes,no,yes,no,8,"Zdeno Chara, Daniel Dangl, Miroslav Satan"
tt4058426,no,no,yes,no,yes,no,8,Leslee Udwin
tt4061726,no,yes,yes,no,yes,no,8,Gregory Monro
tt4062536,no,no,no,no,no,no,7,"Kent W. Luttrell, Paul H. Maritsas, Mary McDonald-Lewis, Mark Webber, Joseph Bertót, Eric Edelstein, Rachel Lipsey, Imogen Poots, Mason Knight, Lex Damis"
tt4076756,no,no,yes,no,yes,no,7,Kelly Knievel
tt4121610,no,yes,no,no,no,no,7,"Flavio Albanese, Mike van Diem, David Cormican"
tt4123262,no,no,no,no,yes,no,7,Travis Pastrana
tt4125222,no,no,no,no,yes,yes,8,Jason Watt
tt4126322,no,yes,no,no,yes,no,9,"Zack Bennett, Zach Matchem"
tt4131188,no,yes,no,no,no,no,7,"Elena An, Narinman Bekbulatov-Areshev"
tt4135844,no,yes,no,no,no,no,7,Pascual Reyes
tt4153324,no,yes,no,no,no,no,7,"Tomasz Neuman, Malin Levanon"
tt4157144,no,yes,yes,no,no,no,7,Arash DeMaxi
tt4160708,no,no,no,no,no,no,7,"Stephen Lang, Erzsébet Bodor, Jason Shepard, Pedro Luque, Bendegúz Körmöczi, Katia Bokor, Levente Nánásy, Franciska Töröcsik, Jane Levy, Daniel Zovatto"
tt4197642,no,yes,no,no,no,no,7,"Tara Lee, Susie Power"
tt4228810,no,yes,yes,no,no,no,7,Nicolas Errèra
tt4269310,no,no,no,no,no,no,7,"Mark DeMayo, Carly Brooke"
tt4279250,no,no,no,no,no,no,7,"Nashla Bogaert, Gerardo Mercedes, Mariel Alliata Bronner"
tt4288636,no,yes,no,no,no,no,7,"Cynthia Nixon, Christopher Abbott"
tt4291066,no,no,no,no,yes,no,7,"Klaus Maeck, Thierry Noir, Hans Runge"
tt4295602,no,yes,no,no,yes,no,7,Zack Jerome
tt4305206,no,no,no,yes,no,no,7,Shpetim Kastrati
tt4307880,yes,no,no,no,no,no,7,"Joshua Seth, Tara Sands, Chiaki Matsuzawa"
tt4326444,no,yes,no,no,no,no,7,"Elena Benarroch, Pilar Castro, Tomás del Estal, Esther García, Ramón Ibarra, Joaquín Notario, Rossy de Palma, Emma Suárez, Michelle Jenner, Nathalie Poza, Adriana Ugarte, Daniel Grao, Luis Iglesia, María Mera, Priscilla Delgado, Jorge Pobes, Blanca Parés, Elsa Moya Vela"
tt4364194,no,yes,no,no,no,no,7,"Mick Foley, Georgia Hubley, Doug Stone, Ira Kaplan, Shia LaBeouf, Jake Roberts, Lee Spencer, Táta Vega, Gabe Witcher, Doyle Bramhall II, Sadie Rose Grayford, Paris Jackson, Danny Gimondo, Anthony Shriver, Lije Sarki, Mark Ezra Stokes, Yelawolf, Zack Gottsagen, Jason Sullivan"
tt4375438,no,yes,no,no,no,no,7,"Alejandro Goic, Francisco Reyes, Antonia Zegers, Alfredo Castro, Erto Pantoja, Catalina Pulido, Felipe Ríos, Marcelo Alonso, Roberto Farías"
tt4406392,no,no,yes,no,yes,no,7,Kiki Vandeweghe
tt4432144,no,no,no,no,no,no,7,Tseden Konayev
tt4481066,no,yes,no,no,no,no,7,Taylor Hickson
tt4483100,yes,yes,no,no,no,no,7,"Neil Kaplan, Marc Thompson"
tt4516040,no,yes,no,no,no,no,8,Cameron Moir
tt4526656,no,yes,no,no,no,no,8,Phil John
tt4532634,no,yes,no,no,no,no,7,"Paula Toller, Domingas Person, Marina Person"
tt4558362,no,yes,no,no,no,no,9,"Naz Elmas, Serdar Yegin, Aysen Inci, Bulut Köpük, Ibrahim Kendirci, Çigdem Batur, Mustafa Ceceli, Burcu Kiratli, Erdinç Gülener, Nil Keser"
tt4580370,no,yes,no,no,no,no,7,"Maudy Koesnaedi, Abimana Aryasatya, Agung Udijana"
tt4603640,no,yes,no,no,no,no,7,Sonam Arora
tt4606770,no,yes,no,no,no,no,7,"Zsolt Kovács, Lia Pokorny, Attila Gigor, Ferenc Pusztai, Nóra Trokán, Péter Jankovics, Niké Kurta, István Balázs Balázs, Bence Apáti"
tt4618398,yes,no,no,no,no,no,8,"Atsushi Abe, Yûko Sanpei, Ryôta Takeuchi, Xander Mobus"
tt4653370,no,yes,no,no,yes,no,7,Orhan Pamuk
tt4657804,no,yes,no,no,no,no,7,Sadzida Setic
tt4664244,no,yes,no,no,no,no,7,"Amy-Joyce Hastings, Orla McGovern, Caroline Grace-Cassidy"
tt4695548,yes,no,no,no,no,no,7,Levent Kazak
tt4697944,yes,no,no,no,no,no,7,Debbie Sledge
tt4714568,no,no,no,no,no,no,7,P.J. Gallagher
tt4720674,no,yes,no,no,no,no,7,"Eric Bernier, Paul Piché, Michel Rivard, Geneviève Schmidt"
tt4729430,yes,no,no,no,no,no,8,"Amanda Philipson, Ece Uslu, Zara Larsson, Yekta Kopan, Hailey Hermida"
tt4730224,no,no,no,no,no,no,7,"Norman Hayes, Joe McQueen"
tt4736136,no,no,no,no,no,no,7,"Robert Anderson, Peter Baez"
tt4737600,no,yes,no,no,no,no,7,Daniel Greenways
tt4741708,no,yes,no,no,no,no,7,"Michel Monty, Pierre Deladonchamps"
tt4759902,no,yes,no,no,no,no,7,Joseph Betts
tt4771932,no,yes,yes,no,no,no,7,"Sol Bondy, Eero Milonoff, Joanna Haartti, Olli Rahkonen, Juho Kuosmanen, Oona Airola"
tt4779296,no,yes,no,no,no,no,7,Susanna Boney
tt4796254,no,no,no,no,no,no,7,"Toby Rolt, Joe Sowerbutts, Clive Willbond-Hill"
tt4796848,no,yes,no,no,no,no,7,Ahmed Adel
tt4801604,no,yes,no,no,no,no,7,Suming Rupi
tt4818930,no,yes,no,no,no,no,7,Gavin Methalaka
tt4835086,no,no,no,no,yes,no,7,"Yoshiki, Tomoaki Ishizuka"
tt4859168,no,yes,no,no,no,no,7,"Reena Shah, Thomas Racek, Obada Adnan, Colin Moss"
tt4875844,no,no,no,no,yes,no,7,Adam Carolla
tt4901306,no,yes,no,no,no,no,7,"Giuseppe Battiston, Elisabetta De Palo, Marco Giallini, Barbara Giordani, Edoardo Leo, Valerio Mastandrea, Kasia Smutniak, Matteo Albano, Maurizio Filardo, Anna Foglietta, Benedetta Porcaroli"
tt4901798,no,no,no,no,no,no,7,"Michal Horácek, Gabriela Osvaldová, Jirí Strach, Lenka Barilíková"
tt4908254,no,yes,no,no,no,no,7,Suraj Sharma
tt4909982,no,yes,no,no,no,no,7,Ivaylo Hristov
tt4911940,no,yes,no,no,no,no,7,"Dirk von Lowtzow, Mercedes Müller, Tristan Göbel, Xenia Assenza, Paul Busche, Julius Felsberg, Max Kluge, Aniya Wendel, Justina Humpf"
tt4920274,yes,no,no,no,no,no,7,"William Salyers, Greg Levitan, Sam Marin, J.G. Quintel, Owen Dennis, Minty Lewis"
tt4920450,yes,no,yes,no,yes,no,7,Sinisa Juricic
tt4925292,no,yes,no,no,no,no,7,"Aaron Barrett, Marietta DePrima, Allison Jones, Tracy Letts, Laurie Metcalf, Jordan Rodrigues, John Smart, Bob Stephenson, Bizzy Bone, Layzie Bone, Jake McDorman, Roman Arabia, Wish Bone, Greta Gerwig, Ben Konigsberg, Lucas Hedges, Timothée Chalamet, Odeya Rush, Christian Janner"
tt4935462,no,no,no,no,yes,no,7,Alexandra Johnes
tt4937156,no,no,no,no,yes,no,7,Jo Heim
tt4938846,no,no,no,no,yes,no,7,Epeli Taione
tt4954522,no,yes,no,no,no,no,7,"Julie Gayet, Laurent Lucas, Denis Mpunga, Marion Vernoux, Joana Preiss, Mathieu Descamps, Rabah Nait Oufella, Bérangère Mc Neese, Garance Marillier, Ella Rumpf, Julianne Binard"
tt4966266,no,yes,no,no,no,no,7,"Jens Harant, Michaela May"
tt5000724,no,no,no,no,yes,no,7,Martin Johnson
tt5012370,no,yes,no,no,no,no,8,Donnie Edwards
tt5015534,no,no,yes,no,yes,no,7,Remi Sandri
tt5016946,no,yes,no,no,no,no,7,"Paul Heaton, Fionn O'Shea, Danny Kehoe, Jay Duffy, Nicholas Galitzine"
tt5021536,no,no,no,no,no,no,8,Vikky Varun
tt5031332,no,yes,yes,no,yes,no,7,"Dwayne Cameron, Fraser Brown"
tt5038372,no,yes,no,yes,no,no,7,"Thomas Demarez, Léonie Souchaud"
tt5065762,no,yes,no,no,no,no,7,"Yailene Sierra, Jorge Martínez"
tt5073020,no,yes,yes,no,yes,no,7,Gregory Singer
tt5083702,no,no,yes,no,yes,no,7,Van Hunt
tt5116410,yes,no,no,no,yes,no,7,Louis Black
tt5117222,no,yes,no,no,yes,no,7,Stanley Warbrick
tt5119048,no,yes,yes,no,no,no,7,"Florian Karlheim, Rosalie Thomass, Karolina Horster, Christian Lex, Benedikt Hösl"
tt5123896,no,no,no,no,yes,no,7,Clint Catalyst
tt5149530,no,yes,no,no,no,no,7,Alejandro Montes
tt5186236,no,yes,yes,no,no,no,7,Bronislawa Zamachowska
tt5207166,no,yes,no,no,no,no,7,"Aleksandar Alac, Mirjana Karanovic, Katarina Markovic, Draginja Voganjac, Jovana Gavrilovic"
tt5216534,yes,no,no,no,no,no,7,"Miwa Matsumoto, Atori Shigematsu, Yuka Tokumitsu, Chiaki Matsuzawa, Suzuko Mimori"
tt5239558,no,yes,no,no,no,no,7,Sebastian Cavazza
tt5241482,no,yes,no,no,no,no,8,Dave Rogers
tt5259978,no,yes,no,no,no,no,7,"Stepan Nercessian, Ícaro Silva"
tt5268086,no,no,no,no,yes,no,7,Léon Paul De Bruyn
tt5272796,no,yes,yes,no,yes,no,9,Aiyana Elliott
tt5278460,no,no,no,no,yes,no,7,Michael Overbeck
tt5279204,no,no,yes,no,yes,no,7,Phil Keoghan
tt5280980,no,no,no,no,yes,no,7,Joey Cape
tt5285908,no,yes,no,no,no,no,7,"Joy Yi-Chun Pan, Yu-Ching Hung, Man-Ting Chiao"
tt5309844,no,no,no,no,no,no,7,"Ruth Millar, Sabrina Dickens"
tt5314118,no,yes,no,no,no,no,7,Skepta
tt5322168,no,yes,no,no,no,no,7,"Melanie Mayron, Shannon Collis, Emily Goss"
tt5334704,no,yes,no,no,no,no,7,"Dana Ashbrook, Harry Goaz"
tt5377654,yes,yes,no,no,no,no,7,Marc Thompson
tt5459826,no,yes,no,no,no,no,7,Sitoresmi Prabuningrat
tt5462288,no,yes,no,no,no,no,7,Kendall Lloyd
tt5463172,no,yes,yes,no,no,no,7,Arastoosohrabinya
tt5467928,no,yes,yes,no,no,no,7,"Richard Douglas, Marien Zagarella, Pavel Nuñez"
tt5468016,yes,no,no,no,no,no,7,"Yuka Tokumitsu, Suzuko Mimori"
tt5477402,no,no,no,no,yes,no,7,"Oliver Crumes Jr., Salim Gauwloos, Carlton Wilborn"
tt5488854,no,no,no,no,no,no,7,Fernanda Guerrero
tt5495122,no,yes,no,no,no,no,7,"Sharon Brauner, Patrick Mölleken, Mira Elisa Goeres, Konstantin Freyer"
tt5502816,no,yes,no,no,no,no,7,Soo-In Choi
tt5518022,no,no,no,no,yes,no,7,Michael Reed
tt5537614,no,yes,no,no,no,no,7,"Szabolcs Hajdu, Orsolya Török-Illyés, Imre Gelányi, Erika Tankó, Ágota Szilágyi, Gajdics Dávid"
tt5541132,no,yes,no,no,no,no,7,"Sebastian Bezzel, Gerhard Wittmann, Martin Probst, Ferdinand Hofer, Chi Le, Franziska Singer, Luisa Wöllisch"
tt5545674,no,yes,no,no,no,no,7,"Ante Tomic, Matija Cigir, Berislav Tomicic, Mladen Hren"
tt5552086,no,yes,no,no,no,no,8,Kojii Helnwein
tt5553810,no,yes,no,no,no,no,7,Adriano Luz
tt5554314,no,yes,no,no,no,no,7,Saba Mubarak
tt5555502,no,yes,yes,no,no,no,7,"Jonathan Lambert, Mata Gabin, Thomas Vandenberghe, Stéphanie Crayencour, Christophe Lambert"
tt5562070,yes,no,no,no,no,no,7,"Jimmy Wong, Ian Chen"
tt5563192,no,no,yes,no,yes,no,7,Sean Hannity
tt5584796,yes,yes,no,no,no,no,7,"Ali N. Askin, Thomas Nash"
tt5598216,no,no,yes,no,yes,no,7,Nancy Schultz
tt5599692,no,yes,no,yes,no,no,7,"Mohamed Diab, May Elghety"
tt5610362,no,yes,no,no,no,no,7,"Igor Cobileanski, Ion Sapdaru, Ada Lupu"
tt5613484,no,yes,no,no,no,no,7,"Kevin White, Heidi Bivens, Donny Barley, Sunny Suljic, Alexa Demie"
tt5618318,no,no,no,no,yes,no,8,Jill Mazursky
tt5622284,no,yes,no,no,no,no,7,Marcelia Cartaxo
tt5625152,no,no,no,no,no,no,7,"Lotos Sparovec, Ronja Matijevec Jerman"
tt5663990,no,no,no,no,no,no,7,"Denis Brizic, Barbara Nola, Josko Sevo, Vesna Zmijanac, Tarik Filipovic, Nenad Pecinar, Dado Cosic, Mijo Jurisic, Nebojsa Djordjevic, Jakov Jevtovic, Mario Petrekovic, Davor Perunovic, Monika Kis, Filip Mayer, Tomislav Pecek, Mina Nikolic, Djordje Stojkovic, Ivan Grcic"
tt5674378,no,yes,no,no,no,no,7,Revalina S. Temat
tt5692616,no,yes,no,no,no,no,7,Ana Maria Moldovan
tt5700224,no,no,no,no,no,no,7,"Elias Ferkin, Alexandru-Victor Nemteanu, Mircea Banu"
tt5707048,no,yes,no,no,no,no,7,Karine Teles
tt5707754,no,yes,no,no,no,no,7,María Renée Prudencio
tt5709506,no,no,yes,no,yes,no,7,Robert Gagno
tt5771640,no,yes,no,no,no,no,7,"Aurora Marion, Harmandeep Palminder, Lina El Arabi"
tt5791932,no,no,no,no,no,no,7,"Vahe Berberian, Hrant Tokhatyan, Nishan Hagop"
tt5805752,no,yes,no,no,no,no,7,"Ryan Simpkins, Kyle Mooney, Amanda Lee Gunnell, Nate Heller"
tt5815492,no,yes,no,no,no,no,7,"László Göz, Tünde Szalontay, Máté Novkov, György Somhegyi, Rita Kerkay, Bence Tasnádi, Gergõ Mikola, Jevgenyíj Liszjuk"
tt5818404,no,yes,yes,no,no,no,7,"Ícaro Silva, Renato Góes"
tt5818818,no,yes,no,no,no,no,7,"Therese Affolter, Rachel Braunschweig, Fabienne Hadorn, Maximilian Simonischek, Mirjam Zbinden, Marie Leuenberger, Ingo Ospelt"
tt5820466,no,yes,no,no,no,no,7,Andrew Bargsted
tt5833706,no,no,no,no,no,no,7,"Cassie Silva, Todrick Hall, Andy Lalwani"
tt5836316,no,yes,no,no,no,no,7,"Amy Hoerler, Coleman Lannum, Cody Anthony, Shelley Waggener, Jeff Weekley, Brittany Bell, Kennedy Summers, Amberleigh West, Samuel R. Gibson, Airica Kraehmer"
tt5837242,no,yes,no,no,no,no,7,"Aleksey Serebryakov, Evgeniy Tkachuk, Igor Lebedev, Eleonora Ilchenko, Kseniya Orlova, Alina Nasibullina, Georgiy Kudrenko, Aleksandra Veleskevich, Dmitriy Arkhangelskiy"
tt5851680,no,yes,no,no,no,no,7,"Lena Labart, Pirjo Lonka, Kristoffer Möller"
tt5859238,no,yes,no,no,no,no,7,"Richard Kahan, Yvonne Huff Lee"
tt5884004,no,no,no,no,yes,no,7,Erik Reo
tt5897636,no,yes,no,no,no,no,7,"Jordi Figueras, Chop Suey, David Verdaguer, Bruna Cusí"
tt5901992,no,no,no,no,yes,no,7,"Ali Campbell, Jed The Fish Gould"
tt5918734,no,yes,no,no,no,no,8,"Jude Moran, Felicia Sabartinelli"
tt5923708,no,yes,no,no,no,no,8,Azer Aydemir
tt5923748,no,yes,no,no,no,no,8,Mart Sander
tt5923962,yes,yes,no,no,no,no,7,"Ryô Naitô, Tomohiro Kaku, Katsuhiro Nagano, Asami Katsura, Yû Sugimoto, Kendô Kobayashi, Lucien Dodge, Yûki Kaji, Kaiji Tang, Mayu Hasegawa"
tt5949226,no,yes,no,no,no,no,7,"Ran Levy, Tia Link"
tt5980638,no,no,no,no,no,no,8,"Sky Seals, Kathy Valentine, Jorge Sermini, Derek Ahonen"
tt5991974,no,yes,no,no,no,no,7,"Miguel Ángel Solá, Michal Sikorski"
tt6002232,no,yes,no,no,no,no,7,"Léa Drucker, Alexandre Gavras, Xavier Legrand"
tt6029714,no,yes,no,no,no,no,7,"Tio Pakusadewo, Widyawati, Viktor Kristof"
tt6029778,no,no,no,no,yes,no,7,Mikaella Abitbol
tt6035470,yes,no,no,yes,no,no,7,Daniel J. Edwards
tt6048922,no,yes,no,no,no,no,7,"Michael Minkler, Alan Pietruszewski, Theodore Thyssen, Michael Carollo, Devin Druid, Adam Aalderks, Tom Brittney, Josh Wiggins, Jake Ventimiglia"
tt6052748,no,yes,yes,no,no,no,7,Charlotte Purcell
tt6057032,no,yes,no,no,no,no,7,"Kirstin Bianchi, Jason Kim, Justin Chon, Alex Mabred, David So"
tt6061558,no,yes,no,no,no,no,7,Janez Burger
tt6069620,no,no,no,no,yes,no,8,Ashley Bell
tt6074834,no,yes,no,no,no,no,7,James Robinson Jr.
tt6095984,no,no,no,no,no,no,7,Irma Mali
tt6099760,no,no,yes,no,no,no,7,"Ibrahim Tul, Sinan Tuzcu, Oya Okar, Ilker Kizmaz, Hakan Kurtas"
tt6102104,no,no,no,no,no,no,7,"Steve Caballero, Mat Hoffman, Shane Graham, Jessica Serfaty, Montanna Gillis, Nic Luken, Cassie Hendry, Heidi Michaelis"
tt6105406,no,no,yes,no,no,no,7,Brian Skuletich
tt6106822,no,no,no,no,yes,no,7,Sophie Huber
tt6110504,no,no,yes,no,yes,no,7,"Adamo Palladino, Mike Erwin, Kassandra Clementi, Savannah Judy, Jason Maybaum"
tt6112234,no,no,no,no,no,no,7,Therese Benade
tt6122540,no,no,no,no,no,no,7,Ben Carson
tt6127326,no,no,yes,no,yes,no,7,Scott Chambers
tt6144092,no,yes,no,no,no,no,7,Kenny Guay
tt6144958,no,no,no,no,no,no,7,Rajat Ajay Bose
tt6157292,no,yes,yes,no,no,no,8,Rza Rzayev
tt6207878,no,yes,no,no,no,no,7,"Iman Farzam, Lilxpayne, Amir Badri, Navid Mohammadzadeh"
tt6208950,no,yes,no,no,no,no,7,"Ryan Ochoa, Raye Richards, Filippo Duelk"
tt6210808,no,yes,no,no,no,no,7,Nikos Tsoleridis
tt6213994,no,yes,yes,no,no,no,7,Sinisa Juricic
tt6241872,yes,no,no,no,no,no,7,"Gabriella Hámori, Richard Bona"
tt6245274,no,no,no,no,no,no,7,Billy Di Lieto
tt6256984,no,yes,no,no,no,no,7,Gökçe Eyüboglu
tt6264148,no,no,no,no,no,no,7,Carlo Pistarino
tt6275296,no,yes,no,no,no,no,7,Ingrid Olava
tt6282380,no,no,no,no,yes,no,7,Dilana
tt6289724,no,yes,no,no,no,no,7,"Marco Ricca, Maju Souza"
tt6296148,yes,yes,no,no,no,no,7,Kenta Miyake
tt6304968,no,yes,no,no,no,no,7,"Thodoris Atheridis, Smaragda Karydi, Alkis Kourkoulos"
tt6314294,no,yes,no,no,no,no,7,"Walid Benmbarek, Achmed Akkabi, Nairuz Ajlouni"
tt6315438,no,yes,yes,no,no,no,7,"Hilje Murel, Pille Pürg, Liisa Pulk, Sandra Uusberg"
tt6324278,yes,no,no,no,no,no,7,"Trevor Devall, Chloe Bennet, Bebe Rexha, Albert Tsai, Tenzing Norgay Trainor, J'Dvonte"
tt6380556,no,no,no,no,no,no,7,"Ernest Prakasa, Lala Karmela"
tt6390756,no,no,no,no,no,no,7,Freddy Almonte
tt6411590,no,yes,no,no,no,no,7,"Chandra Rees, Nicole Onyeje, Benjamin Hull"
tt6414866,no,no,no,no,yes,no,8,Miles Solay
tt6450042,no,yes,no,no,no,no,7,Tim Breyvogel
tt6463320,no,yes,no,no,no,no,8,Bislim Muçaj
tt6481232,no,no,no,yes,yes,no,8,Jasenko Pasic
tt6495526,no,no,yes,no,yes,no,7,"Ryan Goodell, Maggie Contreras"
tt6535926,no,yes,no,no,no,no,7,Dale Leadon Bolger
tt6543652,no,yes,no,no,no,no,7,"Jeanne Balibar, Martin Budny, Adam Ferency, Piotr Knop, Agata Kulesza, Drazen Sivak, Borys Szyc, Adam Woronowicz, Adam Szyszkowski, Tomasz Kot, Hacen Sahraoui, Malgorzata Bela, Aleksandra Yermak, Joanna Kulig, Stefano Terrazzino, Agnieszka Grzybowska, Slavko Sobin"
tt6548966,yes,no,no,no,no,no,7,"Brittney Karbowski, Tia Lynn Ballard, Newton Pittman"
tt6571500,no,no,no,no,yes,no,7,Merle Allin
tt6616364,no,no,no,no,yes,no,7,Mel Sterland
tt6627168,no,yes,no,no,no,no,7,"Lúcia Moniz, Ângela Pinto, Ana Rocha, Maisie Sly"
tt6644200,no,yes,no,no,no,no,7,"Erik Aadahl, John Krasinski, Justin M. Davey, Noah Jupe, Millicent Simmonds"
tt6667360,no,no,no,no,no,no,7,"Simon Amstell, Vanessa Feltz, Lorraine Kelly, JME"
tt6682904,no,yes,no,no,no,no,7,Egle Mikulionyte
tt6695212,no,yes,no,no,no,no,7,"Mohammad Bakri, Mahmoud More"
tt6714534,no,no,yes,no,yes,no,7,Roger Stone
tt6742252,no,yes,no,no,no,no,7,"Laura Bro, Jakob Cedergren, Morten Thunbo, Johan Gotthardt Olsen, Gustav Möller, Katinka Evers-Jahnsen"
tt6755366,no,yes,no,no,no,no,7,"Erika Kiss, Zsolt Kovács, Domokos Szabó, Szilvia Réti, Klára Spilák, Roland Lukács, Tamás Owczarek, Judit Tarr, Cédric Meusburger, Katica Nagy, Csenge Földi, Zsolt Zayzon, Ákos Kozma, András D. Tóth"
tt6767852,no,yes,yes,no,no,no,7,Mihai Muntenita
tt6785292,yes,yes,no,no,no,no,7,Anghel Damian
tt6786730,no,no,no,no,no,no,7,"Mark McKeown, Rob Sy"
tt6805302,no,yes,no,no,no,no,7,"Swann Arlaud, Sara Giraudeau"
tt6814914,no,yes,no,no,no,no,7,Daphne Patakia
tt6835498,no,yes,no,no,no,no,7,"Ivan Mulin, Artyom Kuren, Alina Nasibullina"
tt6841122,no,yes,no,yes,no,no,7,Adrian Sturges
tt6856132,no,yes,no,no,no,no,7,Ori Pfeffer
tt6924668,no,no,no,no,no,no,7,"Lauren Megan Martinez, India Conner"
tt6976948,no,no,no,no,no,no,8,Kevin Desmarescaux
tt6977726,no,no,no,no,no,no,7,"Sofia Milos, Hovhannes Babakhanyan, Blanca Blanco, Mikel Steven"
tt6978268,no,no,yes,no,no,no,7,Mukul Dev
tt6982352,no,yes,no,no,no,no,7,Ismail Hakki Ürün
tt6990206,no,yes,no,no,no,no,7,"Pavel Kraynov, Elena Kotelnikova, Nikita Zverev, Aleksey Komashko, Roman Kurtsyn, Gennadiy Yakovlev"
tt7011130,no,yes,no,no,no,no,7,Damla Sönmez
tt7014006,no,yes,no,no,no,no,7,"Josh Hamilton, Frank Deal, Deborah Unger, Fiona Tyson, Bo Burnham, Emily Robinson, Elsie Fisher, Randy Troy, Luke Prael"
tt7054410,no,yes,no,no,no,no,7,Zoran Kesic
tt7068942,no,no,no,no,yes,no,7,"Dave Rowntree, Matt Goss"
tt7087940,no,yes,no,no,no,no,7,"Ran Danker, Liron Ben-Shlush"
tt7088006,no,yes,no,no,no,no,7,"Amanda Rawles, Denira Wiraguna"
tt7089878,yes,yes,no,no,no,no,7,Laurie Hymes
tt7156898,no,yes,no,no,no,no,7,"Ashley Madekwe, Sean Berry, Clay Milner Russell, Harris Dickinson, Marcus Rutherford"
tt7205778,no,yes,no,no,no,no,7,"Vlad Zamfirescu, Michel Rey"
tt7220754,no,no,no,no,no,no,7,"Sinikka Mokkila, Martti Syrjä, Jore Marjaranta"
tt7242142,no,yes,no,no,no,no,7,"Krayzie Bone, Rahul Gupta, Luis Carlos Muñoz, Utkarsh Ambudkar, Rafael Casal, Tarek Karkoutly, Jon Chaffin, Matt McAbee, Daveed Diggs, Jasmine Cephas Jones"
tt7251888,no,yes,no,no,no,no,7,"Dana, Ela Ionescu, Emilian Oprea, Iulia Alexandra Neacsu"
tt7264116,no,yes,no,no,no,no,7,Philipp Hochmair
tt7272242,no,yes,no,no,no,no,7,"Juan Pablo García, Jhorvin Ospina"
tt7275830,no,yes,no,no,no,no,7,"Corinna Harfouch, Jan-Ole Gerster"
tt7284952,no,no,no,no,yes,no,7,"Tristan Thompson, Dell Curry"
tt7310916,no,no,no,no,yes,no,7,Nelson Grande
tt7336470,yes,yes,yes,no,no,no,7,Eligio R. Montero
tt7349218,no,no,no,no,no,no,7,"Zubeen Garg, Amit Paul"
tt7367960,yes,no,no,no,no,no,7,Anders Matthesen
tt7380834,no,yes,no,no,no,no,7,"Danial Hajibarat, Arash Soleimani"
tt7391126,no,yes,no,no,no,no,7,"Gregory Lay, Mary Catherine Greenawalt, Emily Kincaid"
tt7432980,no,no,yes,no,yes,no,7,"Tara Cash, Cindy Cash, Kathy Cash, Dustin Tittle"
tt7433398,no,no,no,no,no,no,7,"Seung-Yun Lee, Hyun Woo, Tom Doromal, Jin Ju-hyeong"
tt7464158,no,yes,no,no,no,no,7,"Mahmoud Hemida, Ahmad Dash"
tt7472924,no,no,no,no,no,no,7,"Kenji Ohtsuki, Yasuyuki Maekawa, Kensei Mikami, Reina Kurosaki, Shouma Kai, Gaku Sano, Ruka Matsuda, Hayato Onozuka, Toshiki Seto, Atsuhiro Inukai, Ukyô Matsumoto, Shun Nishime, Hiroki Iijima, Eiji Akaso"
tt7477310,no,no,no,no,no,no,7,"Janina Uhse, Alexander Dydyna"
tt7526492,yes,no,yes,no,no,no,8,Levan Gabriadze
tt7530340,no,yes,no,no,no,no,7,"Stefan Kitanov, Irakli Rodonaya"
tt7534102,yes,yes,no,yes,no,no,7,Zabou Breitman
tt7535756,no,yes,no,no,no,no,7,"Asuman Çakir, Alina Boz"
tt7541200,no,no,no,no,no,no,7,"Tadas Gryn, Jonas Antanelis, Alena Alimova, Giedrius Savickas"
tt7572744,no,yes,no,no,no,no,7,Rianti Cartwright
tt7582508,no,yes,no,no,yes,no,7,"Bill Kazmaier, Zydrunas Savickas"
tt7591430,no,yes,no,no,no,no,7,"Giedrius Kiela, Indre Patkauskaite"
tt7600382,no,yes,yes,no,no,no,7,Bruce McAvaney
tt7600704,no,no,no,no,no,no,7,"Michael Stasko, Jessie Gurniak"
tt7610914,no,yes,no,no,no,no,7,"Paul Wolff-Plottegg, Valerian Karl, Verena Altenberger"
tt7611944,no,no,no,no,yes,no,7,"Brett Hull, Martin Brodeur, Nick Kypreos"
tt7632008,no,no,no,no,no,no,8,"Godfrey, Ioannis Athanasios Zavolas, Meriwether Snipes"
tt7637874,no,yes,no,no,no,no,7,Lum Veseli
tt7659522,no,yes,no,no,no,no,7,Ed Gilles III
tt7664504,no,yes,yes,no,yes,no,7,"David Kellman, Robert Shafran"
tt7686448,no,no,no,no,yes,no,7,Greta Kline
tt7689186,no,yes,no,no,no,no,7,"Juliane Werner, Jan Melis, Milan Ondrík, Zuzana Konecná"
tt7707108,no,yes,no,no,no,no,7,Janis Jarans
tt7736212,no,no,no,no,no,no,7,Aleksey Tritenko
tt7738450,no,yes,no,no,no,no,7,"Shelley Calene-Black, Dustin Hahn, Chelsea Edmundson, Ammie Masterson, Giselle Marie Muñoz"
tt7745044,no,no,no,no,no,no,7,"Girts Ecis, Kaspars Znotins, Girts Krumins, Kristine Kruze, Ivars Auzins"
tt7752858,no,no,no,no,no,no,7,Spiros Papadopoulos
tt7759652,no,yes,no,no,no,no,7,Shanuka Shehan
tt7772394,no,no,no,no,no,no,7,"Harî Kaneko, Takao Nakano, Yuika Motokariya, Tatsuomi Hamada, Chisato Kawai, Yûta Ozawa, Mayu Hasegawa, Chihiro Yamamoto"
tt7772412,no,yes,no,no,no,no,7,Likarion Wainaina
tt7834694,no,yes,no,no,no,no,7,"Samer Ismail, Fadi Rifai"
tt7865162,no,yes,no,no,no,no,7,"Beppie Melissen, Noortje Herlaar"
tt7886936,no,yes,no,no,no,no,7,"Fionn O'Shea, Lola Petticrew"
tt7888964,no,yes,no,no,no,no,7,"Sharon Bajer, Pat Benatar, Aleksey Serebryakov, Natasha Korolyova, Billy MacLellan, Bob Odenkirk, Darren Ross, Rick Skene, Volodymyr Yamnenko, Annie Marter, Darya Charusha, Kristen Harris, Garth Merkeley, Gage Munroe, Tyrell Witherspoon, Aleksandr Pal, Boris Gulyarin"
tt7909444,no,yes,no,no,no,no,7,Milko Lazarov
tt7914416,no,yes,no,no,no,no,7,Takayuki Hamatsu
tt7929406,no,no,yes,no,yes,no,7,Cornelius Meister
tt7947336,no,no,no,no,yes,no,7,Ardo Ran Varres
tt7959216,no,yes,no,no,no,no,7,"Anna Bache-Wiig, Sorosh Sadat"
tt7967834,no,yes,no,no,no,no,7,"Carlo Aquino, Lilet, Bela Padilla"
tt7996170,no,no,no,yes,no,no,7,Joyce Branagh
tt8024712,no,yes,no,no,no,no,8,Joshua Suherman
tt8028150,no,yes,yes,no,no,no,7,"Katja Zupcic, Kristian Bonacic"
tt8041276,no,yes,no,no,no,no,7,"Alexandra Billings, Sierra Fisk"
tt8068936,no,no,yes,no,yes,no,7,Caleb Walker
tt8070332,no,no,no,no,no,no,8,"Ariyo Wahab, Verdy Bhawanta"
tt8080648,no,yes,no,no,no,no,9,Ava Deluca-Verley
tt8108190,no,no,yes,no,yes,no,8,Yaroslav Popov
tt8125842,no,yes,no,no,no,no,7,"Tuva Novotny, Pia Tjelta"
tt8135564,no,yes,no,no,no,no,7,Shai Avivi
tt8151874,no,yes,no,no,no,no,7,"Ben Maccabee, Shia LaBeouf, Dorian Brown Pham, Mark Alkofer, FKA Twigs, Noah Jupe"
tt8160694,no,no,no,no,no,no,7,"El Mayor Clásico, Carlos Montesquieu"
tt8169552,no,no,no,no,no,no,7,Monica Iozzi
tt8184202,no,no,no,no,yes,no,7,"Yana Kudryavtseva, Margarita Mamun"
tt8206950,no,no,no,no,yes,no,7,"Andre Gower, Carlena Gower, Ryan Lambert"
tt8223250,no,yes,no,no,no,no,7,Shanu Verma
tt8228288,no,no,no,no,no,no,7,"Algis Arlauskas, Emilio Buale, Antonia San Juan, Ivan Massagué, Miriam Martín, Urko Aguirre"
tt8234502,no,no,no,no,yes,no,7,"Dave Eiland, Natalia Roldan"
tt8241876,no,no,no,no,no,no,7,Lisa Lisa
tt8247470,no,yes,no,no,no,no,7,"Sarah Greene, Moe Dunford"
tt8274146,no,yes,no,no,no,no,7,"Annamária Láng, Zsófia Szamosi"
tt8299654,no,no,no,no,yes,no,8,"Dominique Moceanu, Jordyn Wieber"
tt8307082,no,yes,no,no,no,no,7,"Eric Bernard, Félix Maritaud, Nicolas Dibla"
tt8328740,yes,yes,no,no,no,no,7,Ryan Shanahan
tt8332922,no,yes,no,no,no,no,7,"Danny Logan, John Krasinski, Sam Qualiana, Justin Michael Woods, Okieriete Onaodowan, Michael McFadden, Bomber Hurley Smith, Jack Rosenfeld, Samuel Serra, Millicent Simmonds"
tt8359848,no,yes,no,no,no,no,7,"Marc Cerrone, Gary Numan"
tt8403038,no,yes,no,no,no,no,7,"Dino Merlin, Filip Djuric"
tt8430054,yes,no,yes,no,yes,no,8,Tormod Ringnes
tt8446886,no,yes,no,no,no,no,7,Giovanni Salas
tt8472964,no,yes,no,yes,no,no,7,"Reginald L. Barnes, Nate Scholz"
tt8482074,no,yes,no,no,no,no,7,Eylul Ozturk
tt8510484,no,yes,no,no,no,no,8,Lyle Kash
tt8518302,no,no,no,no,no,no,7,"Bill Becker, Anna Platen"
tt8522820,no,yes,no,no,no,no,7,"Shahram Bahrami Bilehsavar, Shahab Shafiei, Arastoosohrabinya"
tt8524318,no,yes,no,no,no,no,7,"Jacob Goldwasser, Nevo Kimchi"
tt8529512,no,yes,no,no,no,no,7,"Róbert Kardos, Judit Rezes, Csaba Polgár, Hanna Csata, Zsanna Lehóczki, Attila Jankó"
tt8562100,no,yes,no,no,no,no,7,"Laura Birn, Jonna Tervomaa, Sofi Oksanen"
tt8591008,no,no,no,no,no,no,7,"Masanobu Katsumura, Takashi Fujii, Yasuyuki Maekawa, Rena Matsui, Kensei Mikami, Koharu"
tt8603122,no,yes,no,no,no,no,7,"Isabell Gerschke, Jörg Zick, Helgi Schmid"
tt8638420,no,no,no,no,yes,no,8,"Ted Robinson, Jon Wertheim"
tt8647376,no,yes,no,no,no,no,7,Nicole Whippy
tt8648880,no,yes,no,no,no,no,7,"Dániel Garas, László Kántor, Zsuzsa Gajzágó, Lóránt Nagy, Ferenc Szélyes, László Szakács, Csaba Krisztik, Gábor Erdei, Csaba Ciugulitu, Annamária Albu, Emõke Pál, Zsolt Fekete-Lovas, Gábor Tollas, Oszkár Meszesi"
tt8657696,no,yes,no,no,no,no,7,"Shuli Rand, Shifi Aloni"
tt8669070,no,yes,no,no,no,no,7,"Rano Karno, Agung Udijana"
tt8672350,no,no,no,no,no,no,7,Brian Huckeba
tt8703884,no,yes,no,no,no,no,7,Guilherme Zaiden
tt8730716,no,no,no,no,yes,no,8,"Monique Powell, David McWane"
tt8743262,no,yes,no,no,no,no,7,"Fruzsina Eszes, Orsolya Török-Illyés, Tamás Miklós Hajdu, Nóra Földeáki, András Buzási, Levente Oláh-Badi, Nándor Jakab-Benke, Renátó Olasz, Fanni Wrochna, Emõke Pál, Magor Bocsárdi"
tt8750702,no,yes,no,no,yes,no,8,Sasha Joseph Neulinger
tt8756098,no,no,no,no,yes,yes,7,Jim Himes
tt8766224,no,yes,no,no,no,no,7,"Neda Bric, Mojca Partljic, Tina Potocnik"
tt8791752,no,no,no,no,yes,no,8,Bob Baffert
tt8798274,no,yes,no,no,no,no,7,"Yasmin Karssing, Agung Udijana"
tt8806886,no,yes,no,no,no,no,7,"Gioele Viola, Georg Paluza"
tt8832158,no,yes,no,no,no,no,7,Nyisha Bell
tt8908006,no,no,no,no,no,no,7,"Zsolt Anger, Péter Scherer, Péter Bergendy, Norbert Köbli, József Varga, Bence Tasnádi, Takács Zalán, Hajna Sziládi"
tt8960040,no,yes,no,no,no,no,7,Metin Belgin
tt8988748,no,yes,no,no,no,no,7,Diego Molero
tt9000466,no,no,no,no,no,no,7,Madwiz
tt9005184,no,no,no,no,no,no,7,"Oula Kitti, Elsa Saisio, Maija Paunio, Amira Khalifa"
tt9013878,no,yes,no,no,no,no,7,Debolina Dutta
tt9060324,no,yes,no,no,no,no,7,Madalina Ghitescu
tt9067182,no,yes,no,no,no,no,7,Burna Boy
tt9072746,no,yes,no,no,no,no,7,Kelsie Elena
tt9075008,no,no,no,no,no,no,8,"Suzan Anbeh, Christoph Gottschalch, Roland Jankowsky, Marita Marschall, Marc Ottiker, Tim Ehlert, Lea Wolfram"
tt9081558,no,yes,no,no,no,no,7,"Éva Auksz, Ányos Elek, Barnabás Tóth, Adél Jordán, Gyöngyi Soma Spitzer, Károly Hajduk, Krisztina Urbanovits, Miklós Paizs, Gábor Ónodi, László Pirisi, Zoltán Gyovai, Lili Károlyi, Zsolt Zayzon, Katalin Simkó"
tt9086112,no,yes,no,no,no,no,8,Francesca Curran
tt9090170,no,no,no,no,no,no,7,"Franz X. Gernstl, Tobias Krell, Uli Kunz"
tt9139848,no,no,yes,no,yes,no,7,"Chris Chelios, Tie Domi"
tt9187214,no,yes,no,no,no,no,7,Samuel González
tt9204072,no,yes,no,no,no,no,7,Pokwang
tt9217296,no,yes,no,no,no,no,7,"Wendy Braun, Bryson Robinson"
tt9248340,no,yes,no,no,no,no,7,Lea Willkowsky
tt9252468,no,yes,no,yes,no,no,7,"Ahmed Adel, Waleed Elgadi, Tarik Rmili, Youssef Tounzi, Is'haq Elias"
tt9296808,no,yes,no,no,no,no,7,"Bassi Björn, Nadía Sif Líndal, Birgitta Hreiðarsdóttir, Annalísa Hermannsdóttir, Hansel Eagle, Ingunn Lára Kristjánsdóttir"
tt9307666,no,yes,no,no,no,no,7,Maudy Koesnaedi
tt9318280,no,yes,no,no,no,no,7,Nicolaas Bertelsen
tt9334162,yes,no,no,no,no,no,7,"Ryan Dorin, Christine Weston Chandler"
tt9348578,no,yes,no,no,no,no,7,"Vratislav Slajer, Sarunas Zenkevicius, Vitalija Mockeviciute, Giedrius Kiela, Vytautas Kaniusonis, Lukas Malinauskas, Marius Pocevicius, Indre Patkauskaite"
tt9365634,no,yes,no,no,no,no,7,Murilo Benício
tt9412098,no,no,no,no,yes,no,7,James Ryan Ohliger
tt9431740,no,yes,no,no,no,no,7,"Akhtem Seitablaev, Veronika Lukyanenko"
tt9484998,no,no,no,no,no,no,7,"Tony Banks, Kate Bush, Cory Milano, Mike Rutherford, Natalie Merchant, Jason Griffith, Tim Ford, Andy Samberg, Cristin Milioti, Martin Kildare, Chase Fein, Chris Pang, Camila Mendes"
tt9495224,no,yes,no,no,no,no,7,"Jonathan Aris, Tom Bailey, Suzanne Burden, Vince Clarke, Joe Leeway, Limahl, Stephen Rashbrook, Holly Johnson, Alannah Currie, Brian Nash, Nick Beggs, Alice Lowe, Asim Chaudhry, Tallulah Haddon"
tt9507234,yes,no,no,no,no,no,7,"Naozumi Takahashi, Arthur Lounsbery"
tt9567112,no,no,yes,no,yes,no,7,Stephon Marbury
tt9580138,yes,no,no,no,no,no,7,Artt Butler
tt9602804,no,yes,no,no,no,no,8,Neena Gupta
tt9652782,no,yes,no,no,no,no,7,Simon Shepherd
tt9653184,no,yes,no,no,no,no,7,Nadine Lustre
tt9680166,no,no,no,no,no,no,9,Preetika Chauhan
tt9683250,no,yes,no,no,no,no,7,"Armands Ikalis, Jana Herbsta"
tt9760516,no,no,yes,no,yes,no,7,Halina Dyrschka
tt9780416,no,no,no,no,yes,no,7,"Ian Bell, Graeme Swann"
tt9806192,yes,yes,no,no,no,no,7,"Emily Behr, Guillaume Laurant, Sarah Lynn Dawson"
tt9815156,no,yes,yes,no,no,no,7,"Dani Ornellas, Paula Picarelli, João Carlos Andreazza"
tt9815554,no,yes,no,no,no,no,8,Dinah Englund
tt9857480,no,yes,no,no,no,no,7,"Mariya Belkina, Vladimir Friedman, Evelin Hagoel"
tt9890308,no,yes,no,no,no,no,7,"Samir Sarkar, Mathivanan Rajendran"
